"日期","收盘","开盘","高","低","交易量","涨跌幅"
"2025-1-20",0.002111,0.002318,0.002400,0.002006,9120000.0,-8.93
"2025-1-19",0.002318,0.002586,0.002589,0.002002,4340000.0,-10.36
"2025-1-18",0.002586,0.002662,0.002712,0.002416,2500000.0,-2.86
"2025-1-17",0.002662,0.002601,0.002700,0.002542,2220000.0,2.35
"2025-1-16",0.002601,0.002700,0.002900,0.002481,5530000.0,-3.67
"2025-1-15",0.002700,0.002678,0.002700,0.002415,2360000.0,0.82
"2025-1-14",0.002678,0.002691,0.002700,0.002441,6010000.0,-0.48
"2025-1-13",0.002691,0.002900,0.003090,0.002500,6190000.0,-7.21
"2025-1-12",0.002900,0.003029,0.003313,0.002726,4230000.0,-4.26
"2025-1-11",0.003029,0.003121,0.004700,0.003002,6150000.0,-2.92
"2025-1-10",0.003120,0.002950,0.003211,0.002805,6920000.0,5.76
"2025-1-9",0.002950,0.003267,0.003284,0.002921,2670000.0,-9.70
"2025-1-8",0.003267,0.003156,0.003450,0.002969,6300000.0,3.52
"2025-1-7",0.003156,0.003469,0.003586,0.003101,3560000.0,-9.02
"2025-1-6",0.003469,0.003936,0.003936,0.003169,11470000.0,-11.86
"2025-1-5",0.003936,0.003508,0.004500,0.003061,12520000.0,12.20
"2025-1-4",0.003508,0.003450,0.003635,0.003358,3510000.0,1.68
"2025-1-3",0.003450,0.003444,0.003660,0.003200,3070000.0,0.17
"2025-1-2",0.003444,0.003036,0.003517,0.003036,3230000.0,13.44
"2025-1-1",0.003036,0.003110,0.003203,0.002936,2710000.0,-2.38
"2024-12-31",0.003110,0.003076,0.003192,0.002965,1560000.0,1.11
"2024-12-30",0.003076,0.003058,0.003162,0.002951,1610000.0,0.59
"2024-12-29",0.003058,0.003140,0.003187,0.002949,1090000.0,-2.61
"2024-12-28",0.003140,0.003152,0.003420,0.003000,5530000.0,-0.38
"2024-12-27",0.003152,0.003171,0.003472,0.002822,7150000.0,-0.60
"2024-12-26",0.003171,0.003418,0.003477,0.003068,4280000.0,-7.23
"2024-12-25",0.003418,0.003519,0.003606,0.003301,1640000.0,-2.87
"2024-12-24",0.003519,0.003551,0.003664,0.003439,1100000.0,-0.90
"2024-12-23",0.003551,0.003373,0.003657,0.003315,986690.0,5.28
"2024-12-22",0.003373,0.003401,0.003488,0.003074,3920000.0,-0.82
"2024-12-21",0.003401,0.003433,0.003631,0.003379,2330000.0,-0.93
"2024-12-20",0.003433,0.003457,0.003499,0.003141,4340000.0,-0.69
"2024-12-19",0.003457,0.003562,0.003668,0.003334,4340000.0,-2.95
"2024-12-18",0.003562,0.003822,0.003822,0.003557,1220000.0,-6.80
"2024-12-17",0.003822,0.003829,0.003934,0.003551,3700000.0,-0.18
"2024-12-16",0.003829,0.003838,0.004061,0.003650,3360000.0,-0.23
"2024-12-15",0.003838,0.004089,0.004089,0.003661,1700000.0,-6.14
"2024-12-14",0.004089,0.004126,0.004519,0.003976,3270000.0,-0.90
"2024-12-13",0.004126,0.003876,0.004394,0.003670,5050000.0,6.45
"2024-12-12",0.003876,0.003950,0.004150,0.003712,3980000.0,-1.87
"2024-12-11",0.003950,0.003365,0.003950,0.003365,5270000.0,17.38
"2024-12-10",0.003365,0.003602,0.003753,0.003202,5940000.0,-6.58
"2024-12-9",0.003602,0.004035,0.004206,0.003602,3320000.0,-10.73
"2024-12-8",0.004035,0.004666,0.004666,0.003861,4019999.9999999995,-11.92
"2024-12-7",0.004581,0.004057,0.004740,0.003893,2750000.0,12.61
"2024-12-6",0.004068,0.004137,0.004207,0.003844,1430000.0,1.70
"2024-12-5",0.004000,0.004714,0.004714,0.003776,7110000.0,-14.22
"2024-12-4",0.004663,0.004513,0.004663,0.004108,2380000.0,5.31
"2024-12-3",0.004428,0.004092,0.004672,0.003997,6560000.0,8.21
"2024-12-2",0.004092,0.003828,0.004399,0.003556,3850000.0,7.43
"2024-12-1",0.003809,0.003481,0.003950,0.003368,4250000.0,9.30
"2024-11-30",0.003485,0.003471,0.003690,0.003381,2590000.0,1.69
"2024-11-29",0.003427,0.003608,0.003690,0.003262,680980.0,-5.02
"2024-11-28",0.003608,0.003711,0.003768,0.003480,1280000.0,-1.15
"2024-11-27",0.003650,0.003311,0.003712,0.003100,1830000.0,10.24
"2024-11-26",0.003311,0.003182,0.003460,0.003001,2040000.0,4.05
"2024-11-25",0.003182,0.003272,0.003350,0.003042,2390000.0,-2.78
"2024-11-24",0.003273,0.003501,0.003745,0.003131,2910000.0,-6.51
"2024-11-23",0.003501,0.003119,0.003799,0.002974,4050000.0,12.25
"2024-11-22",0.003119,0.003000,0.003190,0.002875,1580000.0,3.97
"2024-11-21",0.003000,0.002700,0.003000,0.002626,1530000.0,11.11
"2024-11-20",0.002700,0.002909,0.002979,0.002602,3490000.0,-7.18
"2024-11-19",0.002909,0.002980,0.003162,0.002763,4050000.0,-2.38
"2024-11-18",0.002980,0.002560,0.002980,0.002560,2260000.0,16.41
"2024-11-17",0.002560,0.002801,0.002944,0.002518,3850000.0,-8.60
"2024-11-16",0.002801,0.003009,0.003087,0.002747,2470000.0,-6.91
"2024-11-15",0.003009,0.002357,0.003840,0.002245,6550000.0,27.66
"2024-11-14",0.002357,0.002726,0.002748,0.002337,6390000.0,-14.23
"2024-11-13",0.002748,0.002774,0.002979,0.002500,8260000.0,-0.94
"2024-11-12",0.002774,0.002946,0.003122,0.002725,2890000.0,-5.84
"2024-11-11",0.002946,0.002625,0.002982,0.002559,2750000.0,12.23
"2024-11-10",0.002625,0.002415,0.002800,0.002347,3750000.0,8.70
"2024-11-9",0.002415,0.002502,0.002562,0.002399,798950.0,-3.48
"2024-11-8",0.002502,0.002509,0.002587,0.002220,4160000.0,-0.28
"2024-11-7",0.002509,0.002150,0.002748,0.002125,4260000.0,16.70
"2024-11-6",0.002150,0.001960,0.002477,0.001932,3530000.0,9.69
"2024-11-5",0.001960,0.001996,0.002047,0.001931,2320000.0,-1.80
"2024-11-4",0.001996,0.001986,0.002016,0.001946,874540.0,0.50
"2024-11-3",0.001986,0.002010,0.002036,0.001945,926880.0,-1.19
"2024-11-2",0.002010,0.002064,0.002094,0.002001,605170.0,-3.37
"2024-11-1",0.002080,0.002110,0.002197,0.002063,1620000.0,-1.42
"2024-10-31",0.002110,0.002181,0.002209,0.002064,1110000.0,-3.26
"2024-10-30",0.002181,0.002165,0.002459,0.002000,6650000.0,0.74
"2024-10-29",0.002165,0.002253,0.002447,0.002145,5660000.0,-3.91
"2024-10-28",0.002253,0.002109,0.002536,0.002058,7500000.0,6.83
"2024-10-27",0.002109,0.002330,0.002730,0.002013,6210000.0,-9.48
"2024-10-26",0.002330,0.001959,0.002698,0.001907,5830000.0,18.94
"2024-10-25",0.001959,0.001866,0.002619,0.001866,9500000.0,4.98
"2024-10-24",0.001866,0.001900,0.001955,0.001853,2790000.0,-1.79
"2024-10-23",0.001900,0.002085,0.002147,0.001900,3820000.0,-8.21
"2024-10-22",0.002070,0.002033,0.002388,0.001957,8480000.0,3.86
"2024-10-21",0.001993,0.002110,0.002166,0.001977,3260000.0,-5.55
"2024-10-20",0.002110,0.002246,0.002309,0.002110,1350000.0,-6.06
"2024-10-19",0.002246,0.002202,0.002309,0.002093,1160000.0,2.00
"2024-10-18",0.002202,0.002156,0.002301,0.002026,3670000.0,2.13
"2024-10-17",0.002156,0.002002,0.002274,0.001902,5580000.0,7.69
"2024-10-16",0.002002,0.001939,0.002268,0.001875,7260000.0,1.57
"2024-10-15",0.001971,0.001948,0.002025,0.001904,3180000.0,1.18
"2024-10-14",0.001948,0.002096,0.002096,0.001907,4150000.0000000005,-3.71
"2024-10-13",0.002023,0.001929,0.002079,0.001901,3290000.0,4.87
"2024-10-12",0.001929,0.001942,0.002056,0.001910,3070000.0,-0.67
"2024-10-11",0.001942,0.002032,0.002080,0.001910,2990000.0,-4.43
"2024-10-10",0.002032,0.001986,0.002067,0.001934,3490000.0,2.32
"2024-10-9",0.001986,0.002036,0.002054,0.001934,2980000.0,-2.46
"2024-10-8",0.002036,0.002114,0.002135,0.002000,1030000.0,-3.69
"2024-10-7",0.002114,0.002018,0.002166,0.002018,2200000.0,4.76
"2024-10-6",0.002018,0.002167,0.002201,0.002003,2300000.0,-6.88
"2024-10-5",0.002167,0.001934,0.002350,0.001929,4430000.0,12.05
"2024-10-4",0.001934,0.001988,0.002155,0.001901,3950000.0,-2.72
"2024-10-3",0.001988,0.002223,0.002263,0.001981,3260000.0,-10.57
"2024-10-2",0.002223,0.002364,0.002408,0.002211,1910000.0,-5.96
"2024-10-1",0.002364,0.002509,0.002799,0.002329,4170000.0,-5.78
"2024-9-30",0.002509,0.002391,0.002550,0.002273,538420.0,4.94
"2024-9-29",0.002391,0.002466,0.002525,0.002259,1330000.0,-3.04
"2024-9-28",0.002466,0.002334,0.002552,0.002300,1790000.0,5.66
"2024-9-27",0.002334,0.002281,0.002469,0.002036,6050000.0,1.21
"2024-9-26",0.002306,0.002051,0.002306,0.001983,5090000.0,12.43
"2024-9-25",0.002051,0.001950,0.002450,0.001946,5260000.0,5.23
"2024-9-24",0.001949,0.002052,0.002071,0.001932,1660000.0,-5.85
"2024-9-23",0.002070,0.002052,0.002118,0.002022,1180000.0,0.88
"2024-9-22",0.002052,0.002020,0.002388,0.001864,4170000.0,1.58
"2024-9-21",0.002020,0.002118,0.002135,0.001940,2380000.0,-4.63
"2024-9-20",0.002118,0.002084,0.002369,0.001894,4630000.0,3.98
"2024-9-19",0.002037,0.001926,0.002087,0.001896,3290000.0,5.76
"2024-9-18",0.001926,0.001977,0.001997,0.001900,3200000.0,-2.58
"2024-9-17",0.001977,0.002059,0.002134,0.001977,762890.0,-3.98
"2024-9-16",0.002059,0.001901,0.002106,0.001889,2230000.0,8.31
"2024-9-15",0.001901,0.001900,0.002094,0.001841,3080000.0,0.05
"2024-9-14",0.001900,0.002081,0.002087,0.001900,1780000.0,-8.70
"2024-9-13",0.002081,0.002121,0.002158,0.001978,2960000.0,-1.89
"2024-9-12",0.002121,0.002237,0.002249,0.002102,2009999.9999999998,-4.11
"2024-9-11",0.002212,0.002265,0.002428,0.002110,5230000.0,-2.34
"2024-9-10",0.002265,0.002304,0.002333,0.002247,481250.0,-1.69
"2024-9-9",0.002304,0.002288,0.002339,0.002258,383940.0,0.70
"2024-9-8",0.002288,0.002183,0.002337,0.002183,301320.0,4.81
"2024-9-7",0.002183,0.002301,0.002328,0.002183,158720.0,-5.13
"2024-9-6",0.002301,0.002370,0.002450,0.002293,449970.0,-2.91
"2024-9-5",0.002370,0.002578,0.002679,0.002253,1230000.0,-8.85
"2024-9-4",0.002600,0.002210,0.002718,0.002143,2300000.0,17.65
"2024-9-3",0.002210,0.002637,0.002700,0.002199,1270000.0,-17.23
"2024-9-2",0.002670,0.002727,0.002763,0.002600,942290.0,0.30
"2024-9-1",0.002662,0.002698,0.002732,0.002601,615270.0,-1.33
"2024-8-31",0.002698,0.002802,0.002862,0.002668,203250.0,-4.53
"2024-8-30",0.002826,0.002948,0.002976,0.002713,724680.0,-4.14
"2024-8-29",0.002948,0.003067,0.003067,0.002616,876590.0,-3.88
"2024-8-28",0.003067,0.002998,0.003272,0.002997,175630.0,2.30
"2024-8-27",0.002998,0.002949,0.003111,0.002825,219320.0,1.66
"2024-8-26",0.002949,0.003179,0.003179,0.002949,175430.0,-7.23
"2024-8-25",0.003179,0.003233,0.003312,0.003170,151110.0,-1.67
"2024-8-24",0.003233,0.003349,0.003349,0.003087,458930.0,-3.46
"2024-8-23",0.003349,0.003178,0.003400,0.003007,325080.0,5.38
"2024-8-22",0.003178,0.003157,0.003233,0.002875,841820.0,0.67
"2024-8-21",0.003157,0.002682,0.003200,0.002672,973590.0,16.88
"2024-8-20",0.002701,0.002659,0.002709,0.002434,820530.0,1.58
"2024-8-19",0.002659,0.002410,0.002815,0.002385,728380.0,9.83
"2024-8-18",0.002421,0.002664,0.002664,0.002409,1280000.0,-9.12
"2024-8-17",0.002664,0.002779,0.002813,0.002650,1450000.0,-4.07
"2024-8-16",0.002777,0.002787,0.002815,0.002655,737280.0,-0.36
"2024-8-15",0.002787,0.002806,0.002815,0.002625,752170.0,-0.68
"2024-8-14",0.002806,0.002733,0.002874,0.002683,1840000.0,2.67
"2024-8-13",0.002733,0.002755,0.002769,0.002602,1950000.0,-0.80
"2024-8-12",0.002755,0.002767,0.002809,0.002644,3250000.0,0.15
"2024-8-11",0.002751,0.003026,0.003028,0.002733,2710000.0,-9.09
"2024-8-10",0.003026,0.002928,0.003044,0.002902,1670000.0,3.35
"2024-8-9",0.002928,0.003081,0.003099,0.002853,2590000.0,-4.97
"2024-8-8",0.003081,0.002944,0.003164,0.002883,2360000.0,4.65
"2024-8-7",0.002944,0.002758,0.003024,0.002751,2000000.0,6.74
"2024-8-6",0.002758,0.002779,0.002858,0.002739,2310000.0,-0.76
"2024-8-5",0.002779,0.003009,0.003010,0.002501,4490000.0,-7.64
"2024-8-4",0.003009,0.002898,0.003134,0.002884,2920000.0,3.65
"2024-8-3",0.002903,0.002977,0.003065,0.002886,1600000.0,-2.49
"2024-8-2",0.002977,0.003072,0.003082,0.002947,2040000.0,-3.09
"2024-8-1",0.003072,0.003176,0.003181,0.003009,2990000.0,-3.27
"2024-7-31",0.003176,0.003164,0.003186,0.003107,1240000.0,0.73
"2024-7-30",0.003153,0.003259,0.003278,0.003087,2170000.0,-3.25
"2024-7-29",0.003259,0.003308,0.003379,0.003259,1410000.0,-1.48
"2024-7-28",0.003308,0.003369,0.003369,0.003233,1430000.0,-1.81
"2024-7-27",0.003369,0.003425,0.003425,0.003321,1090000.0,-1.64
"2024-7-26",0.003425,0.003394,0.003462,0.003353,2220000.0,0.91
"2024-7-25",0.003394,0.003504,0.003590,0.003380,3110000.0,-3.17
"2024-7-24",0.003505,0.003445,0.003513,0.003314,5800000.0,1.77
"2024-7-23",0.003444,0.003619,0.003729,0.003444,4570000.0,-4.84
"2024-7-22",0.003619,0.003503,0.003670,0.003301,6180000.0,3.40
"2024-7-21",0.003500,0.003271,0.003626,0.003267,5690000.0,7.03
"2024-7-20",0.003270,0.003339,0.003362,0.003244,3530000.0,-2.10
"2024-7-19",0.003340,0.003359,0.003395,0.003283,4370000.0,-0.54
"2024-7-18",0.003358,0.003249,0.003420,0.003105,6870000.0,3.35
"2024-7-17",0.003249,0.003484,0.003500,0.003244,6030000.0,-6.77
"2024-7-16",0.003485,0.003367,0.003543,0.003152,6800000.0,3.41
"2024-7-15",0.003370,0.003612,0.003828,0.003250,7260000.0,-6.70
"2024-7-14",0.003612,0.003583,0.003675,0.003542,3690000.0,0.81
"2024-7-13",0.003583,0.003422,0.003680,0.003371,5110000.0,4.70
"2024-7-12",0.003422,0.003458,0.003480,0.003346,4390000.0,-1.10
"2024-7-11",0.003460,0.003507,0.003568,0.003439,4370000.0,-1.28
"2024-7-10",0.003505,0.003654,0.003730,0.003444,5870000.0,-3.79
"2024-7-9",0.003643,0.003765,0.003780,0.003275,12710000.0,-3.11
"2024-7-8",0.003760,0.003739,0.003930,0.003573,4830000.0,0.64
"2024-7-7",0.003736,0.003974,0.003999,0.003685,4070000.0000000005,-5.99
"2024-7-6",0.003974,0.003889,0.004008,0.003721,4710000.0,2.55
"2024-7-5",0.003875,0.003846,0.004026,0.003569,5390000.0,0.75
"2024-7-4",0.003846,0.003917,0.003917,0.003738,4900000.0,-1.66
"2024-7-3",0.003911,0.004218,0.004242,0.003843,7730000.0,-7.23
"2024-7-2",0.004216,0.004252,0.004298,0.004015,4540000.0,-0.87
"2024-7-1",0.004253,0.003991,0.004311,0.003851,5800000.0,6.59
"2024-6-30",0.003990,0.004130,0.004144,0.003957,4410000.0,-3.55
"2024-6-29",0.004137,0.004189,0.004196,0.004015,3930000.0,-1.17
"2024-6-28",0.004186,0.004496,0.004531,0.004078,5520000.0,-7.70
"2024-6-27",0.004535,0.004057,0.004732,0.003935,8109999.999999999,11.73
"2024-6-26",0.004059,0.004136,0.004157,0.003952,4320000.0,-2.17
"2024-6-25",0.004149,0.003797,0.004400,0.003709,4770000.0,9.27
"2024-6-24",0.003797,0.004080,0.004123,0.003743,5280000.0,-7.30
"2024-6-23",0.004096,0.004430,0.004430,0.004013,7610000.0,-7.44
"2024-6-22",0.004425,0.004251,0.004574,0.004219,6800000.0,3.87
"2024-6-21",0.004260,0.003916,0.004900,0.003916,8580000.0,8.65
"2024-6-20",0.003921,0.002995,0.004439,0.002959,11710000.0,30.83
"2024-6-19",0.002997,0.002986,0.003043,0.002837,7180000.0,0.33
"2024-6-18",0.002987,0.002804,0.003041,0.002654,6430000.0,6.41
"2024-6-17",0.002807,0.003078,0.003097,0.002788,5390000.0,-8.80
"2024-6-16",0.003078,0.003239,0.003310,0.003075,5900000.0,-5.03
"2024-6-15",0.003241,0.003014,0.003242,0.003003,5060000.0,9.05
"2024-6-14",0.002972,0.003106,0.003157,0.002947,5800000.0,-4.22
"2024-6-13",0.003103,0.003395,0.003437,0.003087,5650000.0,-8.63
"2024-6-12",0.003396,0.002962,0.003605,0.002910,7720000.0,14.34
"2024-6-11",0.002970,0.003129,0.003156,0.002800,8199999.999999999,-5.14
"2024-6-10",0.003131,0.003437,0.003474,0.003043,8960000.0,-8.80
"2024-6-9",0.003433,0.003247,0.003576,0.003164,7990000.0,5.31
"2024-6-8",0.003260,0.004100,0.004110,0.002435,65680000.00000001,-20.49
"2024-6-7",0.004100,0.004681,0.004808,0.004100,7170000.0,-11.41
"2024-6-6",0.004628,0.004422,0.004910,0.004391,7000000.0,5.01
"2024-6-5",0.004407,0.004357,0.004483,0.004301,4470000.0,1.17
"2024-6-4",0.004356,0.004524,0.004538,0.004313,3050000.0,-2.98
"2024-6-3",0.004490,0.004580,0.004651,0.004308,5110000.0,-2.14
"2024-6-2",0.004588,0.004600,0.004684,0.004503,3950000.0,-0.26
"2024-6-1",0.004600,0.004813,0.004836,0.004512,6480000.0,-4.47
"2024-5-31",0.004815,0.004834,0.005050,0.004808,4059999.9999999995,-0.43
"2024-5-30",0.004836,0.004729,0.004980,0.004666,5300000.0,2.28
"2024-5-29",0.004728,0.004950,0.005050,0.004597,4930000.0,-4.50
"2024-5-28",0.004951,0.004933,0.005122,0.004804,3770000.0,0.36
"2024-5-27",0.004933,0.004900,0.004962,0.004523,4570000.0,0.76
"2024-5-26",0.004896,0.004968,0.005017,0.004622,4240000.0,-1.45
"2024-5-25",0.004968,0.005080,0.005093,0.004825,3880000.0,-2.26
"2024-5-24",0.005083,0.005381,0.005497,0.004990,5410000.0,-5.64
"2024-5-23",0.005387,0.005291,0.005625,0.005057,6490000.0,1.43
"2024-5-22",0.005311,0.004993,0.005426,0.004824,5480000.0,6.22
"2024-5-21",0.005000,0.005311,0.005358,0.004780,8680000.0,-5.80
"2024-5-20",0.005308,0.005415,0.005789,0.005193,9150000.0,-1.92
"2024-5-19",0.005412,0.005764,0.005929,0.005405,3830000.0,-6.07
"2024-5-18",0.005762,0.005789,0.005880,0.005601,2730000.0,-0.77
"2024-5-17",0.005807,0.005962,0.006010,0.005616,2860000.0,-2.58
"2024-5-16",0.005961,0.005691,0.006108,0.005607,3410000.0,4.74
"2024-5-15",0.005691,0.005916,0.006010,0.005580,3830000.0,-3.87
"2024-5-14",0.005920,0.006024,0.006069,0.005798,3920000.0,-1.73
"2024-5-13",0.006024,0.006013,0.006172,0.005712,4600000.0,0.15
"2024-5-12",0.006015,0.005925,0.006031,0.005726,2670000.0,1.42
"2024-5-11",0.005931,0.005425,0.005987,0.005389,5190000.0,9.17
"2024-5-10",0.005433,0.006083,0.006103,0.005380,5380000.0,-10.66
"2024-5-9",0.006081,0.005774,0.006165,0.005600,3130000.0,5.35
"2024-5-8",0.005772,0.006094,0.006098,0.005639,7300000.0,-5.16
"2024-5-7",0.006086,0.006391,0.006394,0.006029,4360000.0,-4.77
"2024-5-6",0.006391,0.006316,0.007466,0.006055,4520000.0,0.95
"2024-5-5",0.006331,0.006433,0.006656,0.005981,3080000.0,-1.52
"2024-5-4",0.006429,0.006711,0.006897,0.006359,2210000.0,-4.20
"2024-5-3",0.006711,0.006772,0.007014,0.006018,3900000.0,-0.94
"2024-5-2",0.006775,0.007284,0.007348,0.006635,3890000.0,-6.94
"2024-5-1",0.007280,0.006326,0.007980,0.005750,5330000.0,14.92
"2024-4-30",0.006335,0.006514,0.006677,0.006200,3700000.0,-2.69
"2024-4-29",0.006510,0.006631,0.006914,0.006459,2230000.0,-1.82
"2024-4-28",0.006631,0.006726,0.006911,0.006491,2480000.0,-0.61
"2024-4-27",0.006672,0.006877,0.006882,0.006577,2730000.0,-3.11
"2024-4-26",0.006886,0.006838,0.007133,0.006416,4160000.0,1.00
"2024-4-25",0.006818,0.006946,0.007014,0.006601,3800000.0,-2.54
"2024-4-24",0.006996,0.006873,0.006996,0.006650,2530000.0,0.68
"2024-4-23",0.006949,0.007075,0.007200,0.006724,4520000.0,-1.67
"2024-4-22",0.007067,0.007491,0.007516,0.007055,3690000.0,-5.69
"2024-4-21",0.007493,0.007748,0.007808,0.007446,2290000.0,-3.29
"2024-4-20",0.007748,0.007639,0.008008,0.007622,2210000.0,1.68
"2024-4-19",0.007620,0.008046,0.008097,0.007147,4550000.0,-5.29
"2024-4-18",0.008046,0.007119,0.008312,0.007000,4940000.0,13.07
"2024-4-17",0.007116,0.007280,0.007443,0.007102,2600000.0,-2.20
"2024-4-16",0.007276,0.007807,0.008063,0.006813,4070000.0000000005,-6.93
"2024-4-15",0.007818,0.007986,0.008440,0.007482,4880000.0,-2.48
"2024-4-14",0.008017,0.007920,0.008465,0.007644,4520000.0,1.53
"2024-4-13",0.007896,0.007982,0.008323,0.007470,5650000.0,-1.63
"2024-4-12",0.008027,0.008988,0.009302,0.007415,12340000.0,-10.78
"2024-4-11",0.008997,0.009111,0.009503,0.008861,4650000.0,-1.22
"2024-4-10",0.009108,0.009033,0.009290,0.008568,4790000.0,0.79
"2024-4-9",0.009037,0.009429,0.009900,0.008941,3850000.0,-4.16
"2024-4-8",0.009429,0.008982,0.009538,0.008756,2550000.0,5.12
"2024-4-7",0.008970,0.009523,0.009595,0.008952,1450000.0,-5.81
"2024-4-6",0.009523,0.009254,0.009918,0.009056,1710000.0,3.03
"2024-4-5",0.009243,0.009107,0.009678,0.008724,2400000.0,1.36
"2024-4-4",0.009119,0.008863,0.009280,0.008500,2620000.0,2.67
"2024-4-3",0.008882,0.008821,0.009324,0.008743,1900000.0,0.69
"2024-4-2",0.008821,0.009418,0.009550,0.008538,3880000.0,-6.19
"2024-4-1",0.009403,0.009135,0.009998,0.008600,5610000.0,2.95
"2024-3-31",0.009134,0.009321,0.009449,0.009064,3640000.0,-2.36
"2024-3-30",0.009355,0.009500,0.009760,0.009047,3380000.0,-1.54
"2024-3-29",0.009501,0.010111,0.010111,0.009452,3020000.0,-6.03
"2024-3-28",0.010111,0.010065,0.010332,0.009558,4150000.0000000005,0.46
"2024-3-27",0.010065,0.010548,0.010695,0.009832,4420000.0,-4.68
"2024-3-26",0.010559,0.010619,0.011000,0.009251,8560000.0,-0.57
"2024-3-25",0.010619,0.010219,0.011399,0.009846,7390000.0,3.94
"2024-3-24",0.010216,0.009161,0.010380,0.008516,3330000.0,11.58
"2024-3-23",0.009156,0.008964,0.009233,0.008391,4139999.9999999995,2.15
"2024-3-22",0.008963,0.008977,0.009444,0.008837,3560000.0,-0.13
"2024-3-21",0.008975,0.009945,0.010055,0.008722,5270000.0,-9.75
"2024-3-20",0.009945,0.008471,0.010236,0.008168,6690000.0,17.35
"2024-3-19",0.008475,0.010047,0.010275,0.008160,7800000.0,-16.01
"2024-3-18",0.010090,0.008206,0.012014,0.008144,10000000.0,23.14
"2024-3-17",0.008194,0.007992,0.009170,0.007568,6760000.0,2.90
"2024-3-16",0.007963,0.008272,0.008341,0.007600,9140000.0,-3.64
"2024-3-15",0.008264,0.009396,0.009418,0.008156,6480000.0,-12.14
"2024-3-14",0.009406,0.009410,0.009731,0.008705,6900000.0,0.05
"2024-3-13",0.009401,0.009556,0.010109,0.009000,6430000.0,-2.36
"2024-3-12",0.009628,0.011132,0.011132,0.009500,8900000.0,-11.36
"2024-3-11",0.010862,0.008321,0.012344,0.007020,22500000.0,29.32
"2024-3-10",0.008399,0.007802,0.008798,0.006937,18990000.0,7.16
"2024-3-9",0.007838,0.007743,0.008139,0.007113,11550000.0,1.34
"2024-3-8",0.007734,0.008160,0.008209,0.007300,5380000.0,-5.19
"2024-3-7",0.008157,0.008011,0.008217,0.007390,7360000.0,1.89
"2024-3-6",0.008006,0.007725,0.008099,0.007235,9040000.0,4.93
"2024-3-5",0.007630,0.008013,0.008171,0.007600,7030000.0,-4.59
"2024-3-4",0.007997,0.008721,0.008721,0.007611,6800000.0,-8.09
"2024-3-3",0.008701,0.008749,0.008935,0.008604,4650000.0,-0.43
"2024-3-2",0.008739,0.009218,0.009425,0.008696,4490000.0,-5.37
"2024-3-1",0.009235,0.008415,0.009259,0.008071,6720000.0,9.69
"2024-2-29",0.008419,0.007996,0.008629,0.007996,5260000.0,5.24
"2024-2-28",0.008000,0.007474,0.008100,0.006550,13690000.0,6.94
"2024-2-27",0.007481,0.007248,0.007554,0.007178,5210000.0,3.23
"2024-2-26",0.007247,0.007172,0.007258,0.007025,3890000.0,1.06
"2024-2-25",0.007171,0.007067,0.007285,0.006981,4500000.0,1.47
"2024-2-24",0.007067,0.006853,0.007109,0.006507,5420000.0,3.09
"2024-2-23",0.006855,0.007059,0.007063,0.006842,3620000.0,-2.92
"2024-2-22",0.007061,0.006932,0.007073,0.006683,3850000.0,1.83
"2024-2-21",0.006934,0.007300,0.007300,0.006576,3640000.0,-4.74
"2024-2-20",0.007279,0.006969,0.007327,0.006359,6910000.0,4.22
"2024-2-19",0.006984,0.007238,0.007528,0.006814,6210000.0,-3.48
"2024-2-18",0.007236,0.006803,0.007367,0.006744,4870000.0,6.30
"2024-2-17",0.006807,0.006874,0.007107,0.006410,6720000.0,-0.96
"2024-2-16",0.006873,0.006985,0.007180,0.006812,6700000.0,-1.87
"2024-2-15",0.007004,0.006642,0.007371,0.006570,8390000.0,5.45
"2024-2-14",0.006642,0.006523,0.006744,0.006202,6310000.0,2.56
"2024-2-13",0.006476,0.006011,0.006615,0.005815,12030000.0,6.92
"2024-2-12",0.006057,0.005218,0.006143,0.005000,9570000.0,16.41
"2024-2-11",0.005203,0.005331,0.005427,0.005203,5710000.0,-2.35
"2024-2-10",0.005328,0.005619,0.005723,0.005255,5470000.0,-5.23
"2024-2-9",0.005622,0.005439,0.005706,0.005314,5580000.0,3.50
"2024-2-8",0.005432,0.005408,0.005549,0.005369,5070000.0,0.54
"2024-2-7",0.005403,0.005496,0.005841,0.005215,7110000.0,-1.84
"2024-2-6",0.005504,0.006058,0.006177,0.005481,7900000.0,-9.11
"2024-2-5",0.006056,0.006216,0.006300,0.005980,5420000.0,-2.59
"2024-2-4",0.006217,0.005774,0.006233,0.005757,5940000.0,7.30
"2024-2-3",0.005794,0.005938,0.005939,0.005501,5900000.0,-2.52
"2024-2-2",0.005944,0.005888,0.006112,0.005671,4460000.0,1.05
"2024-2-1",0.005882,0.005852,0.005934,0.005792,3900000.0,0.63
"2024-1-31",0.005845,0.005970,0.006005,0.005600,4830000.0,-2.09
"2024-1-30",0.005970,0.006248,0.006342,0.005822,5040000.0,-4.74
"2024-1-29",0.006267,0.006139,0.006325,0.006040,3720000.0,2.00
"2024-1-28",0.006144,0.006173,0.006251,0.006066,3280000.0,-0.53
"2024-1-27",0.006177,0.006465,0.006472,0.006138,4270000.0,-4.45
"2024-1-26",0.006465,0.006395,0.006604,0.006315,3330000.0,1.13
"2024-1-25",0.006393,0.006192,0.006487,0.006169,4580000.0,3.20
"2024-1-24",0.006195,0.005787,0.006366,0.005781,3820000.0,7.07
"2024-1-23",0.005786,0.005931,0.006009,0.005707,5110000.0,-2.46
"2024-1-22",0.005932,0.006179,0.006185,0.005792,3590000.0,-3.95
"2024-1-21",0.006176,0.006221,0.006243,0.006145,4030000.0000000005,-0.76
"2024-1-20",0.006223,0.006352,0.006469,0.006222,3280000.0,-2.08
"2024-1-19",0.006355,0.006432,0.006605,0.006158,6250000.0,-1.21
"2024-1-18",0.006433,0.006504,0.006609,0.006392,4050000.0,-0.85
"2024-1-17",0.006488,0.006307,0.006634,0.006264,5420000.0,3.05
"2024-1-16",0.006296,0.006334,0.006401,0.006017,4360000.0,-0.60
"2024-1-15",0.006334,0.006145,0.006358,0.006142,3270000.0,3.08
"2024-1-14",0.006145,0.006688,0.006800,0.005900,9850000.0,-8.09
"2024-1-13",0.006686,0.006970,0.006976,0.006667,3020000.0,-4.14
"2024-1-12",0.006975,0.006723,0.006989,0.006635,3140000.0,3.75
"2024-1-11",0.006723,0.006669,0.006964,0.006623,3940000.0,0.95
"2024-1-10",0.006660,0.006970,0.007008,0.006550,4460000.0,-4.65
"2024-1-9",0.006985,0.007279,0.007328,0.006840,3650000.0,-4.04
"2024-1-8",0.007279,0.007033,0.007279,0.006828,4030000.0000000005,3.37
"2024-1-7",0.007042,0.006983,0.007592,0.006919,5410000.0,0.93
"2024-1-6",0.006977,0.006758,0.007028,0.006683,5730000.0,3.23
"2024-1-5",0.006759,0.006872,0.006908,0.006715,3240000.0,-1.73
"2024-1-4",0.006878,0.006499,0.006900,0.006243,4870000.0,5.83
"2024-1-3",0.006499,0.007255,0.007272,0.006378,8710000.0,-10.17
"2024-1-2",0.007235,0.007093,0.007384,0.007055,4570000.0,2.03
"2024-1-1",0.007091,0.007205,0.007300,0.007052,4560000.0,-1.57
"2023-12-31",0.007204,0.007312,0.007608,0.007161,4200000.0,-1.42
"2023-12-30",0.007308,0.007383,0.007449,0.007165,4740000.0,-1.02
"2023-12-29",0.007383,0.007539,0.007608,0.007198,5490000.0,-2.03
"2023-12-28",0.007536,0.007388,0.007571,0.007291,4760000.0,1.99
"2023-12-27",0.007389,0.007473,0.007612,0.007101,5480000.0,-1.12
"2023-12-26",0.007473,0.008314,0.008422,0.007289,7270000.0,-10.12
"2023-12-25",0.008314,0.008840,0.008862,0.008000,4860000.0,-5.81
"2023-12-24",0.008827,0.009068,0.009203,0.008282,5320000.0,-2.61
"2023-12-23",0.009064,0.009317,0.009349,0.008379,6670000.0,-2.75
"2023-12-22",0.009320,0.009596,0.011100,0.008367,11030000.0,-2.88
"2023-12-21",0.009596,0.007825,0.011951,0.007787,12070000.0,22.63
"2023-12-20",0.007825,0.007847,0.008083,0.007203,9250000.0,-0.41
"2023-12-19",0.007857,0.008235,0.008527,0.006902,18140000.0,-4.59
"2023-12-18",0.008235,0.007738,0.011150,0.007738,27220000.0,5.92
"2023-12-17",0.007775,0.006295,0.009118,0.006200,18940000.0,23.73
"2023-12-16",0.006284,0.004644,0.006457,0.004539,11000000.0,35.29
"2023-12-15",0.004645,0.004626,0.004831,0.004458,6530000.0,0.41
"2023-12-14",0.004626,0.004282,0.004717,0.004268,6950000.0,8.11
"2023-12-13",0.004279,0.004119,0.004324,0.004009,6580000.0,4.26
"2023-12-12",0.004104,0.004233,0.004420,0.004033,8020000.0,-3.00
"2023-12-11",0.004231,0.004209,0.004438,0.004105,8000000.0,-0.21
"2023-12-10",0.004240,0.004684,0.004917,0.004090,7680000.0,-9.52
"2023-12-9",0.004686,0.003797,0.004857,0.003797,9930000.0,23.38
"2023-12-8",0.003798,0.003629,0.003813,0.003562,5840000.0,4.54
"2023-12-7",0.003633,0.003692,0.003695,0.003400,7170000.0,-1.62
"2023-12-6",0.003693,0.003595,0.003744,0.003390,6360000.0,2.61
"2023-12-5",0.003599,0.003325,0.003674,0.003324,7940000.0,8.24